{
  "promote": true,
  "ok_auc": true,
  "ok_f1": true,
  "reason": "meets all thresholds",
  "report_path": "logs\\retrain\\report_17624869548320115.json",
  "candidate_model_path": "models\\_staging\\LightGBM_clf.pkl",
  "bundle_path": "models\\LightGBM_clf.pkl",
  "metrics": {
    "train": {
      "auc": 0.7189458958294047
    },
    "valid": {
      "auc": 0.5185439607936616,
      "f1@best": 0.687903893951947,
      "best_threshold": 0.22000000000000003,
      "auc@cal": 0.5230997571165102,
      "f1@best@cal": 0.688842000744694,
      "best_threshold@cal": 0.2,
      "logloss@raw": 0.6984955402127356,
      "logloss@cal": 0.6899342777011507
    },
    "test": {
      "auc": 0.5275165666666926,
      "f1@0.5": 0.6731056999047749,
      "f1@best": 0.6844628741739017,
      "best_threshold": 0.2
    }
  },
  "thresholds": {
    "auc_test_min": 0.5,
    "f1_test_min": 0.4
  },
  "best_threshold": 0.2,
  "selected_lookahead": 15,
  "selection_score": 0.6844628741739017,
  "selection_aux": 0.5275165666666926,
  "generated_at": "2025-11-07T12:42:34+09:00"
}