{
  "promote": true,
  "ok_auc": true,
  "ok_f1": true,
  "reason": "meets all thresholds",
  "report_path": "logs\\retrain\\report_17624171072965233.json",
  "candidate_model_path": "models\\_staging\\LightGBM_clf.pkl",
  "bundle_path": "models\\LightGBM_clf.pkl",
  "metrics": {
    "train": {
      "auc": 0.8318601287015832
    },
    "valid": {
      "auc": 0.5186851151111223,
      "f1@best": 0.6881266053525561,
      "best_threshold": 0.2,
      "auc@cal": 0.5250402616417774,
      "f1@best@cal": 0.688842000744694,
      "best_threshold@cal": 0.2,
      "logloss@raw": 0.7015017022597152,
      "logloss@cal": 0.6898902186955436
    },
    "test": {
      "auc": 0.5168814780662231,
      "f1@0.5": 0.6575381140598532,
      "f1@best": 0.6844628741739017,
      "best_threshold": 0.2
    }
  },
  "thresholds": {
    "auc_test_min": 0.5,
    "f1_test_min": 0.4
  },
  "best_threshold": 0.2,
  "selected_lookahead": 15,
  "selection_score": 0.6844628741739017,
  "selection_aux": 0.5168814780662231,
  "generated_at": "2025-11-06T17:18:27+09:00"
}