{
  "promote": false,
  "ok_auc": false,
  "ok_f1": true,
  "reason": "auc(0.5192)<min(0.54)",
  "report_path": "logs\\retrain\\report_1762505757473982.json",
  "candidate_model_path": "models\\_staging\\LightGBM_clf.pkl",
  "bundle_path": null,
  "metrics": {
    "train": {
      "auc": 0.8335395156978243
    },
    "valid": {
      "auc": 0.5042649980209518,
      "f1@best": 0.6838423773732458,
      "best_threshold": 0.23,
      "auc@cal": 0.5146998366105594,
      "f1@best@cal": 0.6842993809791784,
      "best_threshold@cal": 0.2,
      "logloss@raw": 0.703932072505223,
      "logloss@cal": 0.6908702833389505
    },
    "test": {
      "auc": 0.5191899550293686,
      "f1@0.5": 0.6712288875946418,
      "f1@best": 0.684297067689778,
      "best_threshold": 0.2
    }
  },
  "thresholds": {
    "auc_test_min": 0.54,
    "f1_test_min": 0.5
  },
  "best_threshold": 0.2,
  "selected_lookahead": 10,
  "selection_score": 0.684297067689778,
  "selection_aux": 0.5191899550293686,
  "generated_at": "2025-11-07T17:55:57+09:00"
}